SMILES,pIC50
O=C(O)c1ccc(N2CCC(Oc3ccccc3C(F)(F)F)CC2)nn1,5
O=C(NCC1CC1)c1ccc(N2CCN(C(=O)c3ccccc3C(F)(F)F)CC2)nn1,5.06
O=C(O)c1cncc(-c2ccc(N3CCC(Oc4ccccc4C(F)(F)F)CC3)cc2)c1,5.07
O=C(O)CCCCCc1nc(-c2cn(Cc3cc(Br)c(Br)c(Br)c3)nn2)no1,5.08
Cc1ccc(C(=O)Nc2ncc(Cc3cccc(C(F)(F)F)c3)s2)cc1C,5.09
O=C(COc1ccccc1)Nc1ccc2ncn(Cc3ccc(Cl)cc3)c(=O)c2c1,5.1
O=C(NCc1ccccc1)c1ccc2[nH]c(-c3ccc(Oc4ccccc4)cc3)nc2c1,5.11
O=C(O)c1cnc(N2CCN(C(=O)c3ccccc3C(F)(F)F)CC2)s1,5.15
CC(=O)NCC(=O)N1CCC2(CC1)CCN(CCC(C)C)c1ccccc1O2,5.19
O=C(NCc1nccs1)c1ccc2[nH]c(-c3ccc(Oc4ccccc4)cc3)nc2c1,5.19
CN(C)C(=O)CCN1CCC2(CCN(C(=O)Cc3ccc(C(C)(C)C)cc3)CC2)Oc2ccccc21,5.23
O=C(O)CCCCc1nc(-c2cn(Cc3cc(Br)c(Br)c(Br)c3)nn2)no1,5.28
CCn1c(COCc2ccccc2)nc2cc(C(=O)NCCc3ccc(O)cc3)ccc21,5.3
O=C(O)c1ccc(N2CCC3(CC2)CCN(Cc2cccc(C(F)(F)F)c2)c2ccccc2O3)nn1,5.33
O=C(Nc1nccs1)c1ccc2[nH]c(-c3ccc(C(=O)c4ccccc4C(F)(F)F)cc3)nc2c1,5.34
CS(=O)(=O)c1ccc2nc(-c3ccc(-c4ccccc4Cl)cc3)[nH]c2c1,5.35
CC(=O)Nc1ccc2ncn(Cc3ccc(Cl)c(Cl)c3)c(=O)c2c1,5.41
CC(C)CCNC(=O)c1ccc2[nH]c(-c3ccc(C(=O)c4ccccc4C(F)(F)F)cc3)nc2c1,5.41
Cc1ccccc1-c1ccc(-c2nc3ccc(S(C)(=O)=O)cc3[nH]2)cc1,5.41
Cc1nc2ccc(NCc3cccc(C(F)(F)F)c3)cc2n(CCNC(=O)[CH](C)O)c1=O,5.41
O=C(CO)Nc1ccc2ncn(Cc3cccc(-c4ccccc4)c3)c(=O)c2c1,5.41
O=C(NCc1cccs1)c1ccc2[nH]c(-c3ccc(Oc4ccccc4)cc3)nc2c1,5.42
O=C(NCc1ccc(Cl)s1)c1ccc2[nH]c(-c3ccc(Oc4ccccc4)cc3)nc2c1,5.43
Cc1nc(-n2ccc(OCc3cccnc3)cc2=O)sc1C(=O)NCc1ccccc1,5.46
Cc1nc(N2CCN(Cc3ccc(F)cc3)C2=O)sc1C(=O)NCCc1ccccn1,5.46
Cc1nc(NC(=O)c2ccccc2)sc1C(=O)Nc1ccccc1,5.47
O=C(CO)Nc1ccc2ncn(Cc3ccc(C(F)(F)F)cc3)c(=O)c2c1,5.47
CC(C)(C)c1ccc(CC(=O)N2CCC3(CC2)CCN(CCc2cccnc2)c2ccccc2O3)cc1,5.48
O=C(Cc1cccs1)Nc1ccc2[nH]c(N3CCN(C(=O)c4ccccc4C(F)(F)F)CC3)nc2c1,5.49
O=C(Nc1ccc(Oc2cccnc2)c(C(=O)NCc2ccc(Cl)c(Cl)c2)c1)OCc1ccccc1,5.49
O=C(CO)Nc1ccc2c(=O)n(Cc3ccc(Cl)cc3)cnc2c1,5.51
O=C(NCCC1CC1)c1ccc(N2CCN(C(=O)c3cc(F)ccc3F)CC2)nn1,5.51
O=C(O)Cn1nnc(-c2cc(N3CCC(Oc4ccccc4C(F)(F)F)CC3)no2)n1,5.52
O=C(c1ccccc1C(F)(F)F)N1CCN(c2nccs2)CC1,5.52
COc1ccccc1CN1CCC2(CCN(C(=O)CNC(C)=O)CC2)Oc2ccccc21,5.54
CC(C)c1nc2ccc(NCc3cccc(C(F)(F)F)c3)cc2n(CCNC(=O)CO)c1=O,5.55
CC(=O)NCCNC(=O)c1cn(Cc2ccc(F)c(C(F)(F)F)c2)cn1,5.56
CC(C)CCNC(=O)c1ccc2[nH]c(-c3ccc(Oc4ccccc4Cl)cc3)nc2c1,5.57
O=C(CO)Nc1ccc2c(=O)n(Cc3cccc(Cl)c3)cnc2c1,5.57
O=C(NCc1ccncc1)c1cc(-n2cnn(Cc3ccc(F)cc3)c2=O)n[nH]1,5.57
O=C(O)Cc1ccc(N2CCC(Oc3ccccc3C(F)(F)F)CC2)nn1,5.57
O=C(CO)Nc1cnc2ncn(Cc3ccc(Cl)cc3)c(=O)c2c1,5.59
O=C(NCN1CCC2(CCN(C(=O)Cc3cccc(C(F)(F)F)c3)CC2)Oc2ccccc21)c1ccccc1,5.59
Cn1c(-c2ccc(-c3ccccc3F)nc2)nc2cc(S(C)(=O)=O)ccc21,5.6
O=C(NC[CH](O)C1CC1)c1ccc(N2CCN(C(=O)c3ccccc3C(F)(F)F)CC2)nn1,5.6
CS(=O)(=O)c1ccc2nc(-c3ccc(-c4ccncc4)cc3)[nH]c2c1,5.61
NC(=O)CCN1CCC2(CCN(C(=O)Cc3cccc(C(F)(F)F)c3)CC2)Oc2ccccc21,5.61
O=C(CCc1ccccc1)Nc1ccc(N2CCN(C(=O)c3ccccc3C(F)(F)F)CC2)nc1,5.65
COc1ccc(C(=O)Nc2ncc(Cc3cccc(C(F)(F)F)c3)s2)cc1OC[CH](C)O,5.66
O=C(NCc1ccc(Cl)s1)c1cccc(-c2nc3cc(Oc4ccccc4C(F)(F)F)ccc3[nH]2)c1,5.66
Cn1ccc(NC(=O)c2ccn(Cc3cccc(C(F)(F)F)c3)n2)n1,5.67
CNC(=O)c1cnc(N2CCN(C(=O)c3ccccc3C(F)(F)F)CC2)s1,5.7
NC(=O)c1cnc(N2CCN(C(=O)c3ccccc3)CC2)s1,5.7
O=C(NC[CH](O)c1ccccc1)c1ccc(N2CCC3(CC2)Cc2ccccc2C3=O)nn1,5.7
O=C(NC[CH]1CCCO1)c1ccc(N2CCC(Oc3ccccc3Cl)CC2)nn1,5.71
c1ccc(OC2CCN(c3ccc(-n4ccnc4)nn3)CC2)cc1,5.72
COc1cccc(CN2CCC3(CCN(C(=O)CNC(C)=O)CC3)Oc3ccccc32)c1,5.74
O=C(NC[CH](O)c1cccnc1)c1ccc(N2CCC3(CC2)CCN(CCO)c2ccccc2O3)nn1,5.74
O=C(O)Cn1nnc(-c2ccc(-c3cn(Cc4cc(Cl)c(Cl)c(Cl)c4)nn3)nn2)n1,5.74
CS(=O)(=O)c1ccc2nc(-c3ccc(-c4ccccn4)cc3)[nH]c2c1,5.77
NC(=O)c1nc(N2CCC(Oc3ccccc3C(F)(F)F)CC2)no1,5.79
CC(=O)NCC(=O)N1CCC2(CC1)CCN(CCc1ccccc1)c1ccccc1O2,5.8
CC(C)(C)c1ccc(CC(=O)N2CCC3(CC2)CCN(CNC(=O)c2cccnc2)c2ccccc2O3)cc1,5.82
O=C(Nc1ccccn1)c1ccc(N2CCN(C(=O)c3ccccc3C(F)(F)F)CC2)nn1,5.85
O=C(CO)Nc1ccc2ncn(Cc3cccc(C(F)(F)F)c3)c(=O)c2c1,5.87
CCCc1nc(-c2ccc(N3CCC(Oc4ccccc4)CC3)nn2)no1,5.88
COc1ccc(C(=O)Nc2ncc(Cc3cccc(C(C)(C)C)c3)s2)cc1OCCO,5.88
CS(=O)(=O)c1ccc2nc(-c3ccc(-c4ccccc4F)cc3)[nH]c2c1,5.88
O=C(O)Cn1nnc(-c2ccnc(-c3cn(Cc4cc(Cl)c(Cl)c(Cl)c4)nn3)c2)n1,5.88
O=C(NCc1nccs1)c1cccc(-c2nc3cc(Oc4ccccc4C(F)(F)F)ccc3[nH]2)c1,5.89
CCOCCNC(=O)c1ccc(N2CCN(C(=O)c3ccccc3C(F)(F)F)CC2)nn1,5.9
CCS(=O)(=O)c1ccc2nc(-c3ccc(-c4ccccc4F)cc3)[nH]c2c1,5.9
O=C(O)Cn1nnc(-c2cnc(-c3cn(Cc4cc(Br)c(Br)c(Br)c4)nn3)cn2)n1,5.9
Cc1nc(-n2ccc(OCc3ccccn3)cc2=O)sc1C(=O)NCc1ccccc1,5.91
O=C(O)c1cncc(-c2ccc(N3CCC(Oc4cc(F)ccc4Br)CC3)cn2)c1,5.91
CC(=O)NCC(=O)N1CCC2(CC1)CCN(Cc1ccccc1)c1ccccc1O2,5.92
CC(=O)NCC(=O)N1CCC2(CC1)CCN(Cc1ccccc1C)c1ccccc1O2,5.92
CC(=O)NCC(=O)N1CCC2(CC1)CCN(Cc1ccccc1Cl)c1ccccc1O2,5.92
CCCCCCNC(=O)c1ncc(N2CCN(C(=O)c3ccccc3C(F)(F)F)CC2)cn1,5.92
O=C(CO)Nc1ccc2ncn(Cc3ccc(Cl)cc3)c(=O)c2c1,5.93
CC(=O)NCC(=O)N1CCC2(CC1)CCN(Cc1ccc(C)cc1)c1ccccc1O2,5.96
Cc1nc2ccc(NCc3cccc(C(F)(F)F)c3)cc2n(CCNC(=O)CCO)c1=O,5.96
Cc1nc(-c2cnn(Cc3ccccc3)c2)sc1C(=O)NCc1ccccc1,6
CC(C)(C)c1nnc(-c2ccc(N3CCC(Oc4ccccc4C(F)(F)F)CC3)nn2)o1,6.01
CNC(=O)c1ccc(N2CCC(Oc3ccccc3F)CC2)nn1,6.01
O=C(NCCC1CC1)c1ccc2[nH]c(-c3ccc(Oc4ccccc4Cl)cc3)nc2c1,6.02
O=C(NCCc1c[nH]cn1)c1ccc(N2CCN(C(=O)c3ccccc3C(F)(F)F)CC2)nn1,6.02
Cc1ccc(C)c(C(=O)N2CCN(c3ccc(C(=O)NCCC4CC4)nn3)CC2)c1,6.03
CN(C)c1ccccc1C(=O)N1CCN(c2ccc(C(=O)NCCC3CC3)nn2)CC1,6.04
O=C(O)Cn1nnc(-c2cn(CCCc3cc(Br)c(Br)c(Br)c3)nn2)n1,6.04
O=C(O)C(=O)Nc1ccc2ncn(Cc3ccc(Cl)c(Cl)c3)c(=O)c2c1,6.05
O=C(Nc1ccc2ncn(Cc3ccc(F)c(Cl)c3)c(=O)c2c1)OCc1ccccc1,6.06
CC(=O)NCC(=O)N1CCC2(CC1)CCN(Cc1cccc(Cl)c1)c1ccccc1O2,6.08
COc1ccc(C(=O)N(C)c2ncc(Cc3cccc(C(F)(F)F)c3)s2)cc1OCCO,6.08
O=C(NCc1ccc(Cl)s1)c1ccc2[nH]c(-c3ccc(Oc4ccccc4Cl)cc3)nc2c1,6.08
CC(C)NC(=O)c1cccc(NC(=O)N2CCC(Oc3ccccc3Cl)CC2)c1,6.09
FC(F)(F)c1nc(-c2ccc(N3CCC(Oc4ccccc4)CC3)nn2)no1,6.09
O=C(NC[CH](O)c1ccccc1)c1ccc(N2CCC3(C=Cc4ccccc4O3)CC2)nn1,6.1
Fc1ccc(-c2ccc(N3CCC(N4CCc5ccc(F)cc54)CC3)nn2)cc1,6.11
O=C(O)c1cncc(-c2ccc(N3CCC(Oc4cc(F)ccc4Br)CC3)nn2)n1,6.11
COC(=O)Nc1cnc(N2CCC(Oc3ccccc3C(F)(F)F)CC2)s1,6.12
Cc1nnc(-c2cnc(N3CCC(Oc4ccccc4C(F)(F)F)CC3)s2)s1,6.12
O=C(O)Cn1nnc(-c2cc(-c3cn(Cc4cc(Cl)c(Cl)c(Cl)c4)nn3)ccn2)n1,6.14
CC(C)(C)c1nnc(-c2ccc(N3CCC(Oc4ccccc4C(F)(F)F)CC3)nn2)s1,6.15
CNC(=O)c1cccc(NC(=O)N2CCN(C(=O)c3ccccc3C(F)(F)F)CC2)c1,6.15
COc1ccc(F)cc1C(=O)N1CCN(c2ccc(C(=O)NCCC3CC3)nn2)CC1,6.15
CSc1ccc2nc(-c3ccc(-c4ccccc4F)cc3)[nH]c2c1,6.16
NC(=O)c1ccc(N2CCN(C(=O)c3ccccc3C(F)(F)F)CC2)nn1,6.16
CC(=O)NCC(=O)N1CCC2(CC1)CCN(Cc1cccc(OC(F)(F)F)c1)c1ccccc1O2,6.17
C[CH]1CCCC[CH]1C(=O)N1CCN(c2ccc(C(=O)NCCC3CC3)nn2)CC1,6.17
Cn1cc(-c2ccc(N3CCC(N4CCc5c(F)cccc54)CC3)nn2)cn1,6.17
NC(=O)c1csc(N2CCC(Oc3ccccc3C(F)(F)F)CC2)n1,6.17
NC(=O)c1csc(NC(=O)N2CCC(N3CCc4ccc(F)cc43)CC2)n1,6.17
CO[CH]1CC2(CCN(c3ccc(C(=O)NC[CH](O)c4ccccc4)nn3)CC2)Oc2ccccc21,6.22
Cc1nc(-c2cc(Cc3ccccc3)no2)sc1C(=O)NCc1ccccc1,6.22
O=C(Nc1ccccc1)N1CCC(Oc2ccccc2Cl)CC1,6.23
O=C(NC[CH](O)c1ccccc1)c1ccc(N2CCC3(CCc4ccccc4C3=O)CC2)nn1,6.24
O=C(NC[CH](O)c1ccccc1)c1ccc(N2CCC3(CC2)C[CH](O)c2ccc(F)cc2O3)nn1,6.26
O=C(O)CCc1nc(-c2cn(Cc3cc(Br)c(Br)c(Br)c3)nn2)no1,6.26
COc1ccccc1OC1CCN(c2ccc(-n3ccnc3)nn2)CC1,6.27
Cc1csc(NC(=O)N2CCC(n3ccc4ccccc43)CC2)n1,6.27
O=C(NCCC1CC1)c1ccc2[nH]c(-c3ccc(Oc4ccccc4C(F)(F)F)cc3)nc2c1,6.27
CN(C)S(=O)(=O)c1ccc2[nH]c(-c3ccc(-c4ccccc4F)cc3)nc2c1,6.28
COc1cc(C(=O)Nc2ncc(Cc3cccc(C(F)(F)F)c3)s2)ccc1OCCN1CCOCC1,6.28
Cc1ccc(OC2CCN(c3ccc(-n4ccnc4)nn3)CC2)cc1,6.28
Cc1nc(NC(=O)Cc2ccccc2)sc1C(=O)NCc1ccccc1,6.29
COc1ccc(Br)c(C(=O)N2CCN(c3ccc(C(=O)NCCCc4ccccc4)cn3)CC2)c1,6.3
O=C(NCc1ncco1)c1ccc(N2CCN(C(=O)c3ccccc3C(F)(F)F)CC2)nn1,6.3
CS(=O)(=O)c1ccc2nc(-c3cnc(-c4ccccc4)nc3)[nH]c2c1,6.31
Cc1csc(NC(=O)N2CCC(N3CCCc4ccccc43)CC2)n1,6.31
Fc1ccc(Br)c(OC2CCN(c3nc4ccccc4s3)CC2)c1,6.32
C[S](=O)c1ccc2[nH]c(-c3ccc(-c4ccccc4F)cc3)nc2c1,6.33
Cc1ccsc1-c1ccc(-c2nc3ccc(S(C)(=O)=O)cc3[nH]2)cc1,6.33
CC(=O)NCC(=O)N1CCC2(CC1)CCN(Cc1ccc(F)cc1)c1ccccc1O2,6.34
CC(C)(C)c1ccc(CC(=O)N2CCC3(CC2)CCN(CC#N)c2ccccc2O3)cc1,6.36
CC(C)CCNC(=O)c1ccc2[nH]c(-c3ccc(Oc4ccccc4C(F)(F)F)cc3)nc2c1,6.36
CCc1ccccc1CN1CCC2(CCN(C(=O)CNC(C)=O)CC2)Oc2ccccc21,6.37
CS(=O)(=O)c1ccc2nc(-c3ccc(-c4cccnc4)cc3)[nH]c2c1,6.37
Cc1nc(-n2ccc(O)cc2=O)sc1C(=O)NCc1ncco1,6.37
Cn1cc(-c2ccc(N3CCC(n4ccc5ccccc54)CC3)nn2)cn1,6.37
CC(C)CCNC(=O)c1ccc(N2CCN(Cc3ccccc3C(F)(F)F)CC2)nn1,6.4
CNC(=O)c1ccc(N2CCN(C(=O)c3ccccc3C(F)(F)F)CC2)cc1,6.4
CS(=O)(=O)c1ccc2nc(-c3ccc(-c4cccc(O)c4)cc3)[nH]c2c1,6.4
CS(=O)(=O)c1ccc2nc(-c3ccc(-c4ccoc4)cc3)[nH]c2c1,6.4
Cn1cc(-c2ccc(N3CCC(N4CCc5ccccc54)CC3)nn2)cn1,6.4
O=S(=O)(c1ccc2nc(-c3ccc(-c4ccccc4F)cc3)[nH]c2c1)C1CC1,6.4
CNC(=O)c1cc(-n2cnn(Cc3ccc(F)cc3)c2=O)n[nH]1,6.41
Cc1nc(-n2ccc(N)cc2=O)sc1C(=O)NCc1ccccc1,6.41
O=C(NCN1CCC2(CCN(C(=O)Cc3cccc(C(F)(F)F)c3)CC2)Oc2ccccc21)c1ccco1,6.42
CNC(=O)c1cccc(NC(=O)N2CCC(Oc3ccccc3)CC2)c1,6.43
Clc1ccccc1OC1CCN(c2ccc(-c3nnn[nH]3)nn2)CC1,6.43
FC(F)(F)c1ccc(OC2CCN(c3ccc(-n4ccnc4)nn3)CC2)cc1,6.43
O=C(NCCc1ccccc1)c1ccc(N2CCN(C(=O)c3ccccc3C(F)(F)F)CC2)cn1,6.43
O=C(NCc1ccccn1)c1ccc(N2CCN(C(=O)c3ccccc3C(F)(F)F)CC2)nn1,6.45
CC(C)(C)c1ccc(CC(=O)N2CCC3(CC2)CCN(CNC(=O)c2ccccc2)c2ccccc2O3)cc1,6.46
NS(=O)(=O)c1ccc2[nH]c(-c3ccc(-c4ccccc4F)cc3)nc2c1,6.46
O=C(CO)Nc1ccc2c(=O)n(Cc3ccc(Cl)c(Cl)c3)cnc2c1,6.46
O=C(Nc1nc2c(s1)CCCC2)N1CCC(N2CCc3ccc(F)cc32)CC1,6.46
O=C(O)Cn1nnc(-c2cnc(-c3cn(Cc4cc(Cl)c(Cl)c(Cl)c4)nn3)nc2)n1,6.46
O=C(O)c1ccc(-c2ccc(N3CCC(N4CCc5ccc(F)cc54)CC3)nn2)cc1,6.46
CS(=O)(=O)c1ccc2nc(-c3ccc(-c4ccccc4O)cc3)[nH]c2c1,6.47
Cc1cnc(CNC(=O)c2sc(-n3ccc(O)cc3=O)nc2C)cn1,6.47
CNC(=O)c1cccc(NC(=O)N2CCC(Oc3c(F)cccc3Cl)CC2)c1,6.48
O=C(NCCC1CC1)c1ccc(N2CCN(C(=O)c3cnc(Cl)nc3C(F)(F)F)CC2)nn1,6.49
O=C(NC[CH](O)c1ccccc1)c1ccc(N2CCC3(CC2)Cc2ccccc2C(=O)O3)nn1,6.49
COc1ccc2c(c1)N(C1CCN(c3ccc(-c4cnn(C)c4)nn3)CC1)CC2,6.5
Cc1cccc(-c2ccc(-c3nc4ccc(S(C)(=O)=O)cc4[nH]3)cc2)c1,6.5
O=C(NC[CH](O)c1ccccc1)c1ccc(N2CCC3(CC2)C[CH](O)c2cccc(F)c2O3)nn1,6.5
COc1ccccc1C(=O)C1CCN(c2ccc(C(=O)NC[CH](O)c3ccccc3)nn2)CC1,6.51
CN1CCC2(CCN(c3ccc(C(=O)NC[CH](O)c4cccnc4)nn3)CC2)Oc2ccccc21,6.52
CS(=O)(=O)c1ccc2nc(-c3ccc(-c4ccc(O)cc4)cc3)[nH]c2c1,6.52
O=C(O)Cn1nnc(-c2cc(OCCOCc3cc(F)ccc3Br)no2)n1,6.52
Cc1ccc2c(c1)N(C1CCN(c3ccc(-c4cnn(C)c4)nn3)CC1)CC2,6.54
COc1ccc(C(=O)Nc2ncc([CH](O)c3cccc(C(F)(F)F)c3)s2)cc1OCCO,6.56
CS(=O)(=O)c1ccc2nc(-c3ccc(-c4cc(Cl)ccc4F)cc3)[nH]c2c1,6.56
FC(F)(F)c1ccccc1OC1CCN(c2nnc(-c3nnn[nH]3)s2)CC1,6.56
Cc1nc2ccc(NCc3cccc(C(F)(F)F)c3)cc2n(CCNC(=O)[CH](O)CO)c1=O,6.57
O=C(COc1ccccc1)Nc1ccc2ncn(Cc3ccc(Cl)c(Cl)c3)c(=O)c2c1,6.57
O=C(NCc1cocn1)c1ccc(N2CCN(C(=O)c3ccccc3C(F)(F)F)CC2)nn1,6.57
O=C(CO)Nc1ccc2ncn(Cc3ccc(Cl)c(Cl)c3)c(=O)c2c1,6.58
O=C(NCCC1CC1)c1ccc(N2CCN(C(=O)c3ccoc3C(F)(F)F)CC2)nn1,6.59
O=C(Nc1ccc2ncn(Cc3ccc(Cl)cc3)c(=O)c2c1)OCc1ccccc1,6.59
CNC(=O)c1ccc(N2CCC(Oc3ccccc3C#N)CC2)nn1,6.6
Cc1ccc(Cn2cnc3ccc(NC(=O)OCc4ccccc4)cc3c2=O)cc1C,6.6
Cc1cccc(OC2CCN(c3ccc(-n4ccnc4)nn3)CC2)c1,6.6
O=C(Nc1ccc2ncn(Cc3ccc(Cl)c(Cl)c3)c(=O)c2c1)OCc1ccccc1,6.6
O=C(O)Cn1nnc(-c2cc(OCCCCOc3cc(F)ccc3Br)no2)n1,6.61
N#Cc1ccccc1OC1CCN(c2ccc(-n3ccnc3)nn2)CC1,6.63
CS(=O)(=O)c1ccc2nc(-c3ccc(-c4ccccc4F)cn3)[nH]c2c1,6.64
Cc1nc(-n2ccc(O)cc2=O)sc1C(=O)NCc1cccnc1,6.64
O=C(O)Cn1nnc(-c2cc(OCCOc3cc(F)ccc3Br)no2)n1,6.65
CC(C)CCNC(=O)c1ccc(N2CCN(C(=O)c3ccccc3C(F)(F)F)CC2)cn1,6.66
Cc1nc(-c2ccc(N3CCC(Oc4ccccc4)CC3)nn2)no1,6.66
O=C(NCc1nccs1)c1ccc2[nH]c(-c3ccc(Oc4ccccc4C(F)(F)F)cc3)nc2c1,6.67
O=C(O)CCCc1nc(-c2cn(Cc3cc(Br)c(Br)c(Br)c3)nn2)no1,6.67
O=C(CO)Nc1cnc2ncn(Cc3ccc(Cl)c(Cl)c3)c(=O)c2c1,6.68
O=C(Nc1nc2c(s1)COCC2)N1CCC(N2CCc3ccc(F)cc32)CC1,6.69
Cc1nc(-c2cncc(Cc3ccccc3)n2)sc1C(=O)NCc1ccccc1,6.7
COc1cccc(C(=O)Nc2ncc(Cc3cccc(C(F)(F)F)c3)s2)c1,6.71
O=C(NCCc1ccccc1)c1ccc(N2CCN(C(=O)c3ccccc3C(F)(F)F)CC2)nc1,6.71
O=C(CO)Nc1ccc2ncn(Cc3ccc(Cl)c(C(F)(F)F)c3)c(=O)c2c1,6.72
CC(C)(C)c1ccc(CC(=O)N2CCC3(CC2)CCN(CCC(N)=O)c2ccccc2O3)cc1,6.74
Cc1ccccc1C(=O)C1CCN(c2ccc(C(=O)NC[CH](O)c3ccccn3)nn2)CC1,6.74
Cn1cc(-c2ccc(N3CCC(N4CCc5cc(Cl)ccc54)CC3)nn2)cn1,6.74
CC(C)(C)c1ccc2nc(-c3ccc(-c4ccccc4F)cc3)[nH]c2c1,6.76
Cn1cc(-c2ccc(N3CCC(N4CCc5ccc(C(F)(F)F)cc54)CC3)nn2)cn1,6.76
CNC(=O)c1cccc(NC(=O)N2CCC(n3ccc4ccccc43)CC2)c1,6.77
O=C(O)CCc1nc2nc(N3CCC(Oc4cc(F)ccc4Br)CC3)sc2c(=O)[nH]1,6.77
Cn1cc(-c2ccc(N3CCC(N4CCc5cc(F)ccc54)CC3)nn2)cn1,6.78
O=C(NCc1cocn1)c1cc(-n2cnn(Cc3ccc(F)cc3)c2=O)n[nH]1,6.78
O=C(O)c1cncc(-c2ccc(N3CCC(Oc4ccccc4Cl)CC3)nn2)c1,6.78
C1=C[CH]2NC=C[CH]2C(OC2CCN(c3ccc(-n4ccnc4)nn3)CC2)=C1,6.79
CC(=O)NCCn1c(=O)c(C)nc2ccc(NCc3cccc(C(F)(F)F)c3)cc21,6.79
O=C1CCCN1c1cnc(N2CCC(Oc3ccccc3C(F)(F)F)CC2)s1,6.79
CS(=O)(=O)c1cnc2nc(-c3ccc(-c4ccccc4F)cc3)[nH]c2c1,6.81
Cc1nc(-n2ccc(NCc3ccccc3)cc2=O)sc1C(=O)NCc1ccccc1,6.81
Cc1nc(N2C[CH](Cc3ccccc3)NC2=O)sc1C(=O)NCc1ccccc1,6.81
CC(C)CCNC(=O)c1ccc(N2CCC(Oc3c(F)cccc3F)CC2)nn1,6.82
CNC(=O)c1cccc(NC(=O)N2CCC(N3CCc4ccccc43)CC2)c1,6.82
C[CH](CNC(=O)c1ccc(N2CCN(C(=O)c3ccccc3C(F)(F)F)CC2)nn1)c1ccccc1,6.82
Cc1csc(NC(=O)N2CCC(N3CCc4ccccc43)CC2)n1,6.82
NC(=O)Nc1cnc(N2CCC(Oc3ccccc3C(F)(F)F)CC2)s1,6.82
O=C(NCCc1ccccc1)c1ccc(N2CCN(C(=O)c3ccccc3C(F)(F)F)CC2)cc1,6.82
CS(=O)(=O)c1ccc2nc(-c3ccc(-c4cccc(Cl)c4)cc3)[nH]c2c1,6.83
Cn1cc(CNC(=O)c2cc(-n3cnn(Cc4ccc(F)cc4)c3=O)n[nH]2)cn1,6.83
O=C(NCCC1CC1)c1ccc(N2CCN(C(=O)c3cc(C(F)(F)F)ccc3C(F)(F)F)CC2)nn1,6.83
Cc1ccccc1C(=O)C1CCN(c2ccc(C(=O)NC[CH](O)c3ccncc3)nn2)CC1,6.84
Cc1nc(N2CCN(Cc3ccccc3)C2=O)sc1C(=O)NCc1ccncc1,6.84
CC(C)(C)c1ccc(CC(=O)N2CCC3(CC2)CCN(CNC(=O)c2cccs2)c2ccccc2O3)cc1,6.85
Cc1csc(NC(=O)N2CCC(c3noc4ccc(F)cc34)CC2)n1,6.85
Cc1nc(-n2ccc(-c3ccccc3)cc2=O)sc1C(=O)NCc1ccccc1,6.85
O=C(NCc1ccc(Cl)s1)c1ccc2[nH]c(-c3ccc(Oc4ccccc4C(F)(F)F)cc3)nc2c1,6.85
CCCNC(=O)c1ccc(N2CCC3(CC2)CCN(Cc2cccc(C(F)(F)F)c2)c2ccccc2O3)nn1,6.89
O=C(O)Cn1nnc(-c2cnc(N3CC4(CCN(c5cc(F)ccc5Cl)CC4)C3)s2)n1,6.89
O=C(O)c1cncc(-c2ccc(N3CCC(Oc4ccccc4C(F)(F)F)CC3)nn2)c1,6.89
COc1ccc(C(=O)Nc2ncc(Cc3cc(Cl)ccc3Cl)s2)cc1OCCO,6.9
Cn1cc(-c2ccc(N3CCC(c4noc5ccc(F)cc45)CC3)nn2)cn1,6.9
Cn1ccc(NC(=O)c2cn(CCc3ccccc3Cl)cn2)n1,6.9
NC(=O)c1n[nH]c(N2CCC(Oc3ccccc3C(F)(F)F)CC2)n1,6.9
Cc1ccc(-c2ccc(N3CCC(N4CCc5ccc(F)cc54)CC3)nn2)s1,6.92
O=C(NCc1nccs1)c1ccc2[nH]c(-c3ccc(Oc4ccccc4Cl)cc3)nc2c1,6.94
CC(C(=O)N1CCN(c2ccc(C(=O)NCCC3CC3)nn2)CC1)(C(F)(F)F)C(F)(F)F,6.95
Cn1ccc(NC(=O)c2ncn(Cc3cccc(C(F)(F)F)c3)n2)n1,6.95
O=C(NC[CH](O)c1ccccc1)c1ccc(N2CCC(C(=O)c3ccccc3)CC2)nn1,6.97
O=C(O)c1cccc(-c2ccc(N3CCC(Oc4ccccc4C(F)(F)F)CC3)nn2)c1,6.97
CS(=O)(=O)c1ccc2nc(-c3ccc(-c4ccsc4)cc3)[nH]c2c1,6.98
O=C(O)c1ccc(-c2ccc(N3CCC(Oc4ccccc4C(F)(F)F)CC3)nn2)cc1,6.98
Cc1nc(-n2ccc(O)cc2=O)sc1C(=O)NCc1ccncc1,6.99
Cn1ccc(NC(=O)c2cn(CC3(CC4CC4)CCC3)cn2)n1,7
NC(=O)c1cnc(N2CCN(C(=O)c3ccccc3C(F)(F)F)CC2)s1,7
O=C(NCc1cccs1)c1ccc2[nH]c(-c3ccc(C(=O)c4ccccc4C(F)(F)F)cc3)nc2c1,7
CNC(=O)c1cccc(NC(=O)N2CCC(Oc3ccccc3F)CC2)c1,7.01
CS(=O)(=O)c1ccc2nc(-c3ccc(-c4cccs4)cc3)[nH]c2c1,7.01
Cc1nc(-n2cnn(CC3CC3)c2=O)sc1C(=O)NCc1cccnc1,7.01
O=c1[nH]c(N2CCC(Oc3ccccc3C(F)(F)F)CC2)nc2[nH]cnc12,7.01
CS(=O)(=O)c1ccc2nc(-c3ccc(-c4cccc(Cl)c4F)cc3)[nH]c2c1,7.02
O=C(CO)N1CCc2nc(NC(=O)N3CCC(N4CCc5ccc(F)cc54)CC3)sc2C1,7.02
CNC(=O)c1cnc(NC(=O)N2CCC(N3CCc4ccc(F)cc43)CC2)s1,7.03
Cc1nc(N2CCN(Cc3ccccc3)C2=O)sc1C(=O)NCc1ccc(F)cc1,7.04
COc1ccn(-c2nc(C)c(C(=O)NCc3ccccc3)s2)c(=O)c1,7.05
Fc1ccc2c(c1)N(C1CCN(c3ccc(-c4ccc(C(F)(F)F)cc4)nn3)CC1)CC2,7.05
Cc1nc(N2CCN(Cc3ccccc3)C2=O)sc1C(=O)NCc1ccccn1,7.06
O=C(Nc1ncc(CO)s1)N1CCC(N2CCc3ccc(F)cc32)CC1,7.06
COc1ccccc1OC1CCN(c2ccc(-c3nc(C)no3)nn2)CC1,7.07
O=c1[nH]ccc2nc(N3CCC(Oc4ccccc4C(F)(F)F)CC3)sc12,7.07
FC(F)(F)c1ccccc1OC1CCN(c2nc3ncccc3s2)CC1,7.08
NC(=O)c1nnc(N2CCC(Oc3ccccc3C(F)(F)F)CC2)o1,7.08
O=C(Nc1ccccc1)c1ccc(N2CCN(C(=O)c3ccccc3C(F)(F)F)CC2)nn1,7.08
CNC(=O)c1cccc(NC(=O)N2CCC(Oc3ccccc3OC)CC2)c1,7.09
COc1ccc(C(=O)Nc2ncc(Cc3ccc(C)c(F)c3)s2)cc1OCCO,7.09
Cc1cnc(NC(=O)N2CCC(N3CCc4ccc(F)cc43)CC2)s1,7.09
C[CH]1Oc2ccc(NCc3ccc(Cl)c(Cl)c3)cc2N(CCNC(=O)CO)C1=O,7.1
Cc1ccc(-c2ccc(N3CCC(N4CCc5ccc(F)cc54)CC3)nn2)cc1,7.1
O=C(NC[CH](O)c1ccccc1)c1ccc(N2CCC(C(=O)c3ccc(F)cc3)CC2)nn1,7.1
CC(C)CCNC(=O)c1ccc(N2CCN(C(=O)c3ccccc3C(F)(F)F)CC2)nc1,7.11
O=C(NCc1nccs1)c1ccc2[nH]c(-c3ccc(C(=O)c4ccccc4C(F)(F)F)cc3)nc2c1,7.11
O=C(O)c1cncc(-c2cnc(N3CCC(Oc4cc(F)ccc4Br)CC3)nc2)c1,7.11
COc1ccc(C(=O)Nc2ncc(Cc3cccc(C(F)(F)F)c3)s2)cc1OC,7.12
Cc1nc(-c2noc(Cc3ccccc3)n2)sc1C(=O)NCc1ccccc1,7.12
NC(=O)c1cnc(N2CCN(Cc3ccccc3C(F)(F)F)CC2)s1,7.12
Cc1cc(C(=O)N2CCN(c3ccc(C(=O)NCCC4CC4)nn3)CC2)c(C(F)(F)F)o1,7.14
Cc1cc(CNC(=O)c2ccc(N3CCC(Oc4ccccc4Cl)CC3)nn2)[nH]n1,7.15
Cc1nc(-n2ccc(O)cc2=O)sc1C(=O)NCCC1CC1,7.16
O=C(NCCCc1ccccc1)c1ccc(N2CCN(C(=O)c3ccccc3C(F)(F)F)CC2)nn1,7.16
O=C(O)c1cncc(-c2cnc(N3CCC(Oc4cc(F)ccc4Br)CC3)cn2)c1,7.16
Cc1c(C(=O)N=C(N)N)ncn1Cc1ccc(Cl)cc1,7.17
CC(C)CCNC(=O)c1ccc(N2CCC(Oc3ccc(F)cc3)CC2)nn1,7.19
Cc1nc(-n2cnn(Cc3ccc(F)cc3)c2=O)sc1C(N)=O,7.19
CC(C)CCNC(=O)c1ccc(N2CCC(Oc3ccccc3)CC2)nn1,7.2
Cc1nc(-n2ccccc2=O)sc1C(=O)NCc1ccccc1,7.2
Cc1nc(N2CCN(Cc3ccccc3)C2=O)sc1C(=O)NCc1cccc(F)c1,7.2
Cn1ccc(NC(=O)c2cnn(Cc3ccc(Cl)c(C(F)(F)F)c3)c2)n1,7.2
Cn1cnc(NC(=O)c2cn(Cc3ccc(Cl)c(C(F)(F)F)c3)cn2)n1,7.2
O=C(NCCC1CC1)c1ccc(N2CCN(C(=O)c3cc(F)ccc3Cl)CC2)nn1,7.21
c1cn(-c2ccc(N3CCC(Oc4ccc5c(c4)CCC5)CC3)nn2)cn1,7.21
O=C(NC[CH](O)c1ccccc1)c1ccc(N2CCN(C(=O)c3ccccc3C(F)(F)F)CC2)nn1,7.22
O=C(NCc1ncc[nH]1)c1ccc(N2CCC(Oc3ccccc3Cl)CC2)nn1,7.22
O=C(O)Cn1nnc(-c2nnc(N3C[CH]4CN(c5cc(F)ccc5Cl)C[CH]4C3)s2)n1,7.23
CCc1ccc(CN2CCC3(CCN(C(=O)CNC(C)=O)CC3)Oc3ccccc32)cc1,7.24
CS(=O)(=O)c1ccc2nc(-c3ccc(-c4ccccc4F)nc3)[nH]c2c1,7.24
Cn1ccc(NC(=O)c2cn(Cc3cccc(Cl)c3)cn2)n1,7.24
O=C(NCCC1CC1)c1ccc(N2CCN(C(=O)c3cccc(F)c3C(F)(F)F)CC2)nn1,7.24
O=C(NCCO)c1ccc(N2CCC(Oc3ccccc3Cl)CC2)nn1,7.24
Nc1ncnc2nc(N3CCC(Oc4ccccc4C(F)(F)F)CC3)sc12,7.25
O=C(O)Cn1nnc(-c2cncc(-c3cn(Cc4cc(Br)c(Br)c(Br)c4)nn3)c2)n1,7.25
Cc1nc(-n2cc(Cc3ccccc3)nn2)sc1C(=O)NCc1ccccc1,7.26
Cc1nc(-n2cnn(C[CH]3CC3(F)F)c2=O)sc1C(=O)NCc1cccnc1,7.26
Cc1ncc2sc(N3CCC(Oc4ccccc4C(F)(F)F)CC3)nc2n1,7.27
O=C(Nc1nc(CO)cs1)N1CCC(N2CCc3ccc(F)cc32)CC1,7.28
CN1CCC2(CCN(c3ccc(C(=O)NC[CH](O)c4ccccc4)nn3)CC2)Oc2ccccc21,7.3
COc1ccc(NC(=O)c2ncc(Cc3cccc(C(F)(F)F)c3)s2)cc1OCCO,7.31
Cc1nc(-n2ccc(O)cc2=O)sc1C(=O)NCC1CC1,7.31
O=C(O)Cn1nnc(-c2cnc(-c3cn(Cc4cc(Cl)c(Cl)c(Cl)c4)nn3)s2)n1,7.31
Cc1nc(N2CCN(CC3CC3)C2=O)sc1C(=O)NCc1cccnc1,7.33
O=C(O)c1cncc(-c2ccc(N3CCC(Oc4ccccc4Br)CC3)nn2)c1,7.33
CCCCN1CCN(c2nc(C)c(C(=O)NCc3cccnc3)s2)C1=O,7.34
Cc1nc(-n2cnn(Cc3ccc(F)cc3)c2=O)sc1C(=O)NCc1cc[nH]n1,7.34
Cc1nc(N2CCN(CC3CCCCC3)C2=O)sc1C(=O)NCc1cccnc1,7.35
Cc1nc(N2CCN(Cc3ccccc3)C2=O)sc1C(=O)NCc1cccnc1,7.35
COc1ccc(C(=O)Nc2ccc(Cc3cccc(C(F)(F)F)c3)s2)cc1OCCO,7.36
COc1ccc(C(=O)Nc2cnc(Cc3cc(C(F)(F)F)cc(C(F)(F)F)c3)s2)cc1OCCO,7.36
Cc1nc(-n2ccc(O)cc2=O)sc1C(=O)NCCc1ccc(F)cc1,7.37
O=C(O)Cn1nnc(-c2cnc(N3CC4(C3)CN(c3cc(F)ccc3Cl)C4)s2)n1,7.37
CC(=O)NCC(=O)N1CCC2(CC1)CCN(CCc1ccc(C(C)C)cc1)c1ccccc1O2,7.38
CS(=O)(=O)c1ccn2cc(-c3ccc(-c4ccccc4)cc3)nc2c1,7.38
O=C(CNC(=O)c1ccc(N2CCN(C(=O)c3ccccc3C(F)(F)F)CC2)nn1)c1ccccc1,7.38
NS(=O)(=O)c1cnc(N2CCC(Oc3ccccc3C(F)(F)F)CC2)s1,7.39
CC(C)N1CCC2(CCN(c3ccc(C(=O)NC[CH](O)c4cccnc4)nn3)CC2)Oc2ccccc21,7.4
CCN1CCC2(CCN(c3ccc(C(=O)NC[CH](O)c4cccnc4)nn3)CC2)Oc2ccccc21,7.4
Cc1nc(-n2ccc(C3CC3)cc2=O)sc1C(=O)NCc1ccccc1,7.4
Cc1nc(-n2ccc(OCCC3CC3)cc2=O)sc1C(=O)NCc1ccccc1,7.4
c1ccc(Cc2nc(-c3ccc(N4CCC(Oc5ccccc5)CC4)nn3)no2)cc1,7.4
Cc1ccccc1OC1CCN(c2ccc(-n3ccnc3)nn2)CC1,7.41
Nc1ncnc2[nH]c(N3CCC(Oc4ccccc4C(F)(F)F)CC3)nc12,7.41
CCc1cccc(OC2CCN(c3ccc(-n4ccnc4)nn3)CC2)c1,7.42
Cc1nc2ccc(NCc3cccc(C(F)(F)F)c3)cc2n(CCNC(=O)CO)c1=O,7.42
Cn1cc(-c2ccc(N3CCC(n4ncc5ccc(F)cc54)CC3)nn2)cn1,7.42
Cn1nc(Cc2cccnc2)nc1-c1ccc(N2CCC3(CCc4c(cccc4C(F)(F)F)O3)CC2)nn1,7.42
O=c1[nH]c2cnc(N3CCC(Oc4ccccc4C(F)(F)F)CC3)nc2[nH]1,7.42
CC(C)Cc1nnc(-c2ccc(N3CCC(Oc4ccccc4C(F)(F)F)CC3)nn2)s1,7.43
Cn1cc(-c2ccc(N3CCC(N4CCc5ccc(F)cc54)CC3)nn2)cn1,7.43
O=C(O)Cn1nnc(-c2cnc(N3CCC4(CC3)CN(c3cc(F)ccc3Cl)C4)s2)n1,7.44
CNC(=O)c1ccc(-c2ccc(N3CCC(N4CCc5ccc(F)cc54)CC3)nn2)cn1,7.46
Cn1cc(-c2ccc(N3CCC(N4CCc5ccc(Cl)cc54)CC3)nn2)cn1,7.46
CC(=O)c1ccccc1OC1CCN(c2ccc(-n3ccnc3)nn2)CC1,7.47
CC(C)CCNC(=O)c1ccc(N2CCC(Oc3ccccc3C(F)(F)F)CC2)nn1,7.47
FC(F)(F)c1ccccc1OC1CCN(c2ncc(-c3nnco3)s2)CC1,7.47
Fc1ccc(Br)c(OC2CCN(c3nnc(-c4nnn[nH]4)s3)CC2)c1,7.47
O=C(NCCC1CC1)c1ccc(N2CCN(C(=O)c3cc(Cl)ccc3Cl)CC2)nn1,7.47
O=C(NCCCC1CC1)c1ccc(N2CCN(C(=O)c3ccccc3C(F)(F)F)CC2)nn1,7.47
O=C(O)Cn1nnc(-c2cnc(N3C[CH]4CN(c5cc(F)ccc5Cl)C[CH]4C3)s2)n1,7.47
Cc1cnc(CNC(=O)c2ccc(N3CCN(C(=O)c4ccccc4C(F)(F)F)CC3)nn2)cn1,7.48
Cc1nc(-c2cn(Cc3ccccc3)nn2)sc1C(=O)NCc1ccccc1,7.48
Cn1ccc(NC(=O)c2cn(Cc3ccc(Cl)c(C(F)(F)F)c3)nn2)n1,7.48
CC(=O)NCC(=O)N1CCC2(CC1)CCN(Cc1cccc(C(F)(F)F)c1)c1ccccc1O2,7.49
Cc1cc(C)n(-c2ccc(N3CCC(Oc4ccccc4Cl)CC3)nn2)n1,7.49
Cn1ccc(NC(=O)c2cn(Cc3cccc(OC(F)(F)F)c3)cn2)n1,7.49
O=C(NCc1nccs1)c1ccc(N2CCN(C(=O)c3ccccc3C(F)(F)F)CC2)nn1,7.49
Cc1ccn(-c2nc(C)c(C(=O)NCc3ccccc3)s2)c(=O)c1,7.51
Cc1cnc(-c2ccc(N3CCC(N4CCc5ccc(F)cc54)CC3)nn2)s1,7.51
O=C(NCc1ccc(C(F)(F)F)o1)c1ccc(N2CCN(C(=O)c3ccccc3C(F)(F)F)CC2)nn1,7.51
Cc1nc(-n2cnn([CH](C)c3ccc(F)cc3)c2=O)sc1C(=O)NCc1ccccn1,7.52
Cc1nc(-n2ccc(OC[CH]3CCCO3)cc2=O)sc1C(=O)NCc1ccccc1,7.54
O=C(Nc1nc2c(s1)CNCC2)N1CCC(N2CCc3ccc(F)cc32)CC1,7.54
O=C(O)Cn1nnc(-c2cnc(N3C[CH]4C[CH]3CN4c3cc(F)ccc3Cl)s2)n1,7.54
Cc1ccccc1C(=O)C1CCN(c2ccc(C(=O)NC[CH](O)c3cccnc3)nn2)CC1,7.55
Cc1nc(N2CCN(Cc3ccccc3)C2=O)sc1C(=O)NCc1ccccc1,7.55
Cc1nc(-c2n[nH]c(Cc3ccccc3)n2)sc1C(=O)NCc1ccccc1,7.57
Cc1nc(-n2cnn(Cc3ccc(F)cc3)c2=O)sc1C(=O)NCc1cn(C)cn1,7.57
O=C(NCc1cccnc1)c1ccc(N2CCC3(CCc4ccccc4O3)CC2)nn1,7.57
O=C(O)c1cncc(-c2ccc(N3CCC(Oc4ccccc4I)CC3)nn2)c1,7.57
CC(C)CCNC(=O)c1ccc(N2CCN(C(=O)c3ccccc3C(F)(F)F)CC2)nn1,7.59
Cc1csc(NC(=O)N2CCC(N3CCc4ccc(F)cc43)CC2)n1,7.59
Clc1ccccc1OC1CCN(c2ccc(-c3nc(Cc4ccccc4)no3)nn2)CC1,7.59
O=C(O)Cn1nnc(-c2nnc(OCCCOc3cc(F)ccc3Br)s2)n1,7.59
CCCCCNC(=O)c1ccc(N2CCN(C(=O)c3ccccc3C(F)(F)F)CC2)nn1,7.6
CS(=O)(=O)c1ccc2nc(-c3ccc(-c4ccc(F)cc4)cc3)[nH]c2c1,7.6
Cc1ccccc1C(=O)C1CCN(c2ccc(C(=O)NC[CH](O)c3cccs3)nn2)CC1,7.6
Cc1nc(-n2ccc(OCc3ccccc3)cc2=O)sc1C(=O)NCc1ccccc1,7.6
Cn1ncc(NC(=O)c2cn(Cc3cccc(C(F)(F)F)c3)cn2)n1,7.6
O=C(NCCC1CC1)c1ccc(N2CCN(C(=O)c3ccccc3C(F)(F)F)CC2)nn1,7.6
Cc1nc(-n2ccc(C(F)(F)F)cc2=O)sc1C(=O)NCc1ccccc1,7.62
Cc1nc(-n2ccc(OCc3cscn3)cc2=O)sc1C(=O)NCc1ccccc1,7.62
Cc1ncc(CNC(=O)c2sc(-n3cnn(Cc4ccc(F)cc4)c3=O)nc2C)s1,7.62
O=C(NCc1cccnc1)c1ccc(N2CCC(Oc3ccccc3Cl)CC2)nn1,7.62
O=C(O)c1cncc(-c2ccc(N3CCC(Oc4cc(F)ccc4Br)CC3)nc2)c1,7.62
Brc1cccc(OC2CCN(c3ccc(-n4ccnc4)nn3)CC2)c1,7.64
Cn1cc(-c2ccc(N3CCC(n4ccc5ccc(F)cc54)CC3)nn2)cn1,7.64
O=C(NCc1ccccn1)c1cc(-n2cnn(Cc3ccc(F)cc3)c2=O)n[nH]1,7.64
CCCn1cc(-c2ccc(N3CCC(N4CCc5ccc(F)cc54)CC3)nn2)cn1,7.66
Cc1ccccc1C(=O)C1CCN(c2ccc(C(=O)NC[CH](O)c3ccccc3F)nn2)CC1,7.66
Cc1nc(-n2cnn(Cc3ccc(F)cc3)c2=O)sc1C(=O)NCc1ccccn1,7.66
Cc1nc(-n2cnn(Cc3ccc(F)cc3)c2=O)sc1C(=O)NCc1ncco1,7.66
Cc1nc(OCCCOc2cc(F)ccc2Br)sc1-c1nnn(CC(=O)O)n1,7.66
FC(F)(F)c1ccccc1OC1CCN(c2ccc(-c3nnco3)nn2)CC1,7.66
NC(=O)c1cnc(NC(=O)N2CCC(N3CCc4ccc(F)cc43)CC2)s1,7.66
O=C(Nc1ncc(Cc2cccc(C(F)(F)F)c2)s1)c1ccc(OCCO)c(OCCO)c1,7.66
OCCn1cc(-c2ccc(N3CCC(N4CCc5ccc(F)cc54)CC3)nn2)cn1,7.66
OCc1ccc(-c2ccc(N3CCC(N4CCc5ccc(F)cc54)CC3)nn2)cc1,7.66
CC(C)CCNC(=O)c1ccc(N2CCC(Oc3ccccc3Cl)CC2)nn1,7.68
CCCCCCNC(=O)c1ccc(N2CCN(C(=O)c3ccccc3C(F)(F)F)CC2)nn1,7.68
CS(=O)(=O)c1ccc2nc(-c3ccc(-c4cccc(F)c4)cc3)[nH]c2c1,7.68
Cc1cnn(-c2ccc(N3CCC(N4CCc5ccc(F)cc54)CC3)nn2)c1,7.68
Cc1nc(-n2cnn(CCCC(F)(F)F)c2=O)sc1C(=O)NCc1cccnc1,7.68
O=C(NCCC1CC1)c1ccc(N2CCN(C(=O)c3ccc(F)cc3C(F)(F)F)CC2)nn1,7.68
O=C(O)Cn1nnc(-c2cc(-c3cn(Cc4cc(Br)c(Br)c(Br)c4)nn3)no2)n1,7.68
O=C(O)Cn1nnc(-c2cnc(N3CCN(c4cc(F)ccc4Cl)CC3)s2)n1,7.68
CC(C)CCNC(=O)c1ccc(N2CCC(Oc3ccccc3F)CC2)nn1,7.7
CNC(=O)c1cccc(NC(=O)N2CCC(Oc3cccc(Cl)c3)CC2)c1,7.7
CS(=O)(=O)c1ccc2nc(-c3ccc(-c4ccccc4)cc3)[nH]c2c1,7.7
Cc1nc(-n2ccc(CCc3ccccc3)cc2=O)sc1C(=O)NCc1ccccc1,7.7
Cc1nc(-n2ccc(O)cc2=O)sc1C(=O)NCc1cccc(F)c1,7.7
Cc1nc(-n2cnn(Cc3ccc(F)cc3)c2=O)sc1C(=O)NCc1cccnc1,7.7
Cc1nccn1-c1ccc(N2CCC(Oc3ccccc3Cl)CC2)nn1,7.7
Cc1noc(-c2ccc(N3CCC(Oc4ccccc4Cl)CC3)nn2)n1,7.7
O=C(Nc1nc(CCO)cs1)N1CCC(N2CCc3ccc(F)cc32)CC1,7.7
O=C(O)Cc1cncc(-c2ccc(N3CCC(Oc4cc(F)ccc4Br)CC3)nn2)c1,7.7
O=C(O)c1cncc(-c2cnc(N3CCC(Oc4cc(F)ccc4Br)CC3)nn2)c1,7.7
OCCc1cnn(-c2ccc(N3CCC(N4CCc5ccc(F)cc54)CC3)nn2)c1,7.7
CC(C)(C)c1ccc(CC(=O)N2CCC3(CC2)CCN(CNC(=O)c2ccco2)c2ccccc2O3)cc1,7.72
CC(C)CCNC(=O)c1ccc(N2CCC(Oc3cccc(F)c3F)CC2)nn1,7.72
Cc1nc(-n2cnn(Cc3cc(F)cc(F)c3)c2=O)sc1C(=O)NCc1cccnc1,7.72
Cc1nc(-n2cnn(Cc3ccc(F)cc3)c2=O)sc1C(=O)NCc1cnn(C)c1,7.72
FC(F)(F)c1cccc(OC2CCN(c3ccc(-n4ccnc4)nn3)CC2)c1,7.72
NC(=O)c1cn(Cc2cc(Br)c(Br)c(Br)c2)nn1,7.72
CCCCCCCNC(=O)c1ccc(N2CCN(C(=O)c3ccccc3C(F)(F)F)CC2)nn1,7.74
Cc1nc(-n2ccc(O)cc2=O)sc1C(=O)NCc1ccc(F)c(F)c1,7.74
Cc1nc(-n2cnn(Cc3ccc(F)cc3)c2=O)sc1C(=O)NCc1ccc(C(F)(F)F)nc1,7.74
O=C(O)Cn1nnc(-c2cc(N3C[CH]4CN(c5cc(F)ccc5Cl)C[CH]4C3)no2)n1,7.74
O=C1NCCn2nc(NC(=O)N3CCC(N4CCc5ccc(F)cc54)CC3)cc21,7.74
CC(=O)NCC(=O)N1CCC2(CC1)CCN(Cc1ccc(C(C)(C)C)cc1)c1ccccc1O2,7.77
CCn1cc(-c2ccc(N3CCC(N4CCc5ccc(F)cc54)CC3)nn2)cn1,7.77
CN(C)c1ccc(-c2ccc(N3CCC(N4CCc5ccc(F)cc54)CC3)nn2)cn1,7.77
CNC(=O)c1cccc(NC(=O)N2CCC(Oc3ccccc3C)CC2)c1,7.77
O=C(NC[CH](O)c1ccccc1)c1ccc(N2CCC3(CC2)C[CH](O)c2c(F)cccc2O3)nn1,7.77
OCc1cnn(-c2ccc(N3CCC(N4CCc5ccc(F)cc54)CC3)nn2)c1,7.77
CC(C)CCNC(=O)c1ccc(N2CCC(Oc3cc(Cl)ccc3Cl)CC2)nn1,7.8
Cc1cn(-c2ccc(N3CCC(N4CCc5ccc(F)cc54)CC3)nn2)cn1,7.8
Cc1nc(-n2cnn(Cc3ccc(C(F)(F)F)cc3)c2=O)sc1C(=O)NCc1cccnc1,7.8
Cc1nc(N2CCN(CCCc3ccccc3)C2=O)sc1C(=O)NCc1cccnc1,7.8
Cn1ccc(NC(=O)c2cn(Cc3ccc(Cl)c(C(F)(F)F)c3)cn2)n1,7.8
FC(F)(F)c1cccc2c1CCC1(CCN(c3ccc(-c4nnc(CCc5cccnc5)o4)nn3)CC1)O2,7.8
Fc1ccc2c(c1)N(C1CCN(c3ccc(-c4ccc(C(F)(F)F)nc4)nn3)CC1)CC2,7.8
NC(=O)c1ccc(N2CCC(Oc3ccccc3C(F)(F)F)CC2)nn1,7.8
CC(C)Cc1nnc(-c2ccc(N3CCC(Oc4ccccc4C(F)(F)F)CC3)nn2)o1,7.82
CNC(=O)Cn1cc(-c2ccc(N3CCC(N4CCc5ccc(F)cc54)CC3)nn2)cn1,7.82
Cc1ccc(CNC(=O)c2ccc(N3CCN(C(=O)c4ccccc4C(F)(F)F)CC3)nn2)o1,7.82
Cc1cnc(CNC(=O)c2sc(-n3cnn(Cc4ccc(F)cc4)c3=O)nc2C)cn1,7.82
Cc1nc(-c2cnc(N3CCC(Oc4ccccc4C(F)(F)F)CC3)s2)no1,7.82
Cc1nc(-n2ccc(O)cc2=O)sc1C(=O)NCc1ccc(F)cc1,7.82
Cc1nc(-n2cnn(CCOc3ccc(F)cc3)c2=O)sc1C(=O)NCc1cccnc1,7.82
Cc1nc(N2CCN(Cc3ccc(F)cc3)C2=O)sc1C(N)=O,7.82
Cc1nc2ccc(NCc3cccc(C(F)(F)F)c3)cc2n(CCNC(N)=O)c1=O,7.82
O=C(NC[CH](O)c1ccccc1)c1ccc(N2CCN(C(=O)c3ccccc3C(F)(F)F)CC2)nn1,7.82
O=C(O)c1cncc(-c2ccc(N3CCC(Oc4cc(F)c(F)cc4Br)CC3)nn2)c1,7.82
CC(C)CCNC(=O)c1ccc(N2CCC(Oc3cc(F)ccc3F)CC2)nn1,7.85
Cc1nc(-n2ccc(O)cc2=O)sc1C(=O)NCc1ccccc1,7.85
Cc1nc(-n2cnn(Cc3ccc(C(F)(F)F)cc3)c2=O)sc1C(=O)NCc1ccccn1,7.85
FC(F)(F)c1ccccc1OC1CCN(c2ncc(-c3ncco3)s2)CC1,7.85
O=C(NCCC1CC1)c1ccc(N2CCC(Oc3ccccc3C(F)(F)F)CC2)nn1,7.85
O=C(NCCC1CC1)c1ccc(N2CCN(C(=O)c3cc(F)ccc3C(F)(F)F)CC2)nn1,7.85
O=C(Nc1nc2c(s1)C[CH](O)CC2)N1CCC(N2CCc3ccc(F)cc32)CC1,7.85
O[CH](c1ccc2nc(-c3ccc(OCc4ccccc4)cc3)[nH]c2c1)c1ccccc1C(F)(F)F,7.85
Cc1ccc(-c2ccc(N3CCC(N4CCc5ccc(F)cc54)CC3)nn2)cn1,7.89
Cc1nc(N2CCN(Cc3ccc(F)cc3)C2=O)sc1C(=O)NCc1ccccn1,7.89
O=C(O)Cn1nnc(-c2cc(OCCCOc3cc(F)ccc3Br)no2)n1,7.89
CC(C)CCNC(=O)c1ccc(N2CCC(Oc3cccc(F)c3)CC2)nn1,7.92
CC1(C)Oc2ccc(NCc3ccc(Cl)c(Cl)c3)cc2N(CCNC(=O)CO)C1=O,7.92
CCOCCn1cc(-c2ccc(N3CCC(N4CCc5ccc(F)cc54)CC3)nn2)cn1,7.92
COc1ccc(-c2ccc(N3CCC(N4CCc5ccc(F)cc54)CC3)nn2)cn1,7.92
Cc1nc(-n2cnn(Cc3ccc(F)cc3)c2=O)sc1C(=O)NCc1cocn1,7.92
Cc1nc(-n2cnn(Cc3ccc(F)cc3)c2=O)sc1C(=O)NCc1nccs1,7.92
Clc1ccccc1OC1CCN(c2ccc(-c3nnc(Cc4ccccc4)o3)nn2)CC1,7.92
NC(=O)c1cnc(N2CC[CH](Oc3ccccc3C(F)(F)F)C2)s1,7.92
NC(=O)c1nnn(Cc2cc(Cl)c(Cl)c(Cl)c2)c1N,7.92
O=C(NCCC1CC1)c1ccc(N2CCN(C(=O)c3cc(Cl)ccc3C(F)(F)F)CC2)nn1,7.92
Cc1c(C(=O)Nc2ccn(C)n2)ncn1Cc1cccc(C(F)(F)F)c1,7.93
COc1ccc(C(=O)Nc2ncc(Cc3cccc(F)c3)s2)cc1OCCO,7.96
COc1ccc(C(N)=O)c(I)c1,7.96
Cc1nc(N2CCN(Cc3ccc(F)cc3)C2=O)sc1C(=O)NCc1ncco1,7.96
Cc1nsc(-c2ccc(N3CCC(N4CCc5ccc(F)cc54)CC3)nn2)n1,7.96
Cn1ccc(NC(=O)c2cn(Cc3cccc(C(F)(F)F)c3)cn2)n1,7.96
O=C(Nc1nc2ccccc2[nH]1)c1ccc(N2CCN(C(=O)c3ccccc3C(F)(F)F)CC2)nn1,7.96
OCc1cn(-c2ccc(N3CCC(N4CCc5ccc(F)cc54)CC3)nn2)cn1,7.96
COc1ccc(C(=O)Nc2nnc(Cc3cccc(C(F)(F)F)c3)s2)cc1OCCO,8
Cc1cc(CNC(=O)c2ccc(N3CCC(Oc4ccccc4Cl)CC3)nn2)on1,8
Cc1nc(-c2ccc(N3CCC(Oc4ccccc4Cl)CC3)nn2)no1,8
Clc1ccccc1OC1CCN(c2ccc(-n3cccc3)nn2)CC1,8
FC(F)(F)c1ccccc1OC1CCN(c2ncc3[nH]cnc3n2)CC1,8
FC(F)(F)c1ccccc1OC1CCN(c2ncnc3[nH]cnc23)CC1,8
NC(=O)c1ccc(N2CCC3(CC2)CCN(Cc2cccc(C(F)(F)F)c2)c2ccccc2O3)nn1,8
NC(=O)c1cccc(NC(=O)N2CCC(Oc3ccccc3Cl)CC2)c1,8
O=C(NCCCCC1CC1)c1ccc(N2CCN(C(=O)c3ccccc3C(F)(F)F)CC2)nn1,8
O=C(NCCc1cccs1)c1ccc(N2CCC(Oc3ccccc3Cl)CC2)nn1,8
O=C(NC[CH](O)c1ccccc1)c1ccc(N2CCC(C(=O)c3ccccc3OC(F)(F)F)CC2)nn1,8
O=C(NC[CH](O)c1cccnc1)c1ccc(N2CCC3(CC2)CCN(CC2CC2)c2ccccc2O3)nn1,8
O=C(NCc1cccnc1)Nc1ccc(N2CCC3(CCc4c(cccc4C(F)(F)F)O3)CC2)nn1,8
O=C(Nc1cccc(-c2ncc[nH]2)c1)N1CCC(Oc2ccccc2Cl)CC1,8
c1cc2c(c(OC3CCN(c4ccc(-n5ccnc5)nn4)CC3)c1)CCC2,8
c1ccc(Cc2noc(-c3ccc(N4CCC(Oc5ccccc5)CC4)nn3)n2)cc1,8
Clc1ccccc1OC1CCN(c2ccc(-c3ccoc3)nn2)CC1,8.04
COc1ccc(C(=O)Nc2ncc(Cc3ccc(F)c(F)c3)s2)cc1OCCO,8.05
COc1ccc(Cl)c(N2C[CH]3CN(c4ncc(-c5nnn(CC(=O)O)n5)s4)C[CH]3C2)c1,8.05
Cc1cc(CNC(=O)c2sc(-n3cnn(Cc4ccc(F)cc4)c3=O)nc2C)[nH]n1,8.05
O=C(O)c1cncc(-c2ccc(N3CCC(Oc4cc(F)ccc4Br)CC3)nn2)c1,8.05
OCc1ccc(-c2ccc(N3CCC(N4CCc5ccc(F)cc54)CC3)nn2)cn1,8.05
CC(C)c1nnc(-c2ccc(N3CCC(Oc4ccccc4C(F)(F)F)CC3)nn2)s1,8.06
CNC(=O)c1ccc(N2CCC(Oc3ccccc3Cl)CC2)nn1,8.07
COc1ccc(-c2nc3ccc(NCc4ccc(Cl)c(Cl)c4)cc3n(CCNC(C)=O)c2=O)cc1,8.07
O=C(c1ccccc1C(F)(F)F)N1CC2=C(C1)CN(c1ccc(OCc3ccccc3)nn1)C2,8.07
CC(=O)Nc1ccc(C(=O)Nc2ncc(Cc3cccc(C(F)(F)F)c3)s2)cc1OCCO,8.1
CCNC(=O)c1cccc(NC(=O)N2CCC(Oc3ccccc3Cl)CC2)c1,8.1
CCOc1cnn(-c2ccc(N3CCC(N4CCc5ccc(F)cc54)CC3)nn2)c1,8.1
Cc1nc2nc(N3CCC(Oc4ccccc4C(F)(F)F)CC3)sc2c(=O)[nH]1,8.1
Cc1noc(-c2cccc(NC(=O)N3CCC(Oc4ccccc4Cl)CC3)c2)n1,8.1
NC(=O)c1cc(N2CCC(Oc3ccccc3C(F)(F)F)CC2)no1,8.1
O=C(Nc1ncc(CCO)s1)N1CCC(N2CCc3ccc(F)cc32)CC1,8.1
O=C(O)c1ccc(-c2ccc(N3CCC(Oc4cc(F)ccc4Br)CC3)nn2)nc1,8.1
O=C(O)c1cnc(N2CCC3(CC2)CCN(Cc2cccc(C(F)(F)F)c2)c2ccccc2O3)s1,8.1
Fc1ccccc1OC1CCN(c2ccc(-c3nc(Cc4ccccc4)no3)nn2)CC1,8.13
CN(C)c1ccc(C(=O)Nc2ncc(Cc3cccc(C(F)(F)F)c3)s2)cc1OCCO,8.15
CNC(=O)c1ccc(N2CCC(Oc3cc(Cl)ccc3Cl)CC2)nn1,8.15
Cc1ccccc1C(=O)C1CCN(c2ccc(C(=O)NC[CH](O)c3ccccc3)nn2)CC1,8.15
Cc1ccccc1C(=O)C1CCN(c2ccc(C(=O)NC[CH](O)c3ccsc3)nn2)CC1,8.15
Cc1csc(-c2ccc(N3CCC(N4CCc5ccc(F)cc54)CC3)nn2)n1,8.15
Cc1nc(-n2cnn(Cc3ccc(C(F)(F)F)o3)c2=O)sc1C(=O)NCc1cccnc1,8.15
NC(=O)c1ccc(N2CCC(Oc3ccccc3Cl)CC2)nn1,8.15
O=C(NC[CH](O)c1ccccc1)c1ccc(N2CCC(C(=O)c3ccccc3C(F)(F)F)CC2)nn1,8.15
O=C(NCc1cccnc1)c1cc(-n2cnn(Cc3ccc(F)cc3)c2=O)n[nH]1,8.15
O=C(Nc1ccc(Cl)cc1)c1ccc(N2CCN(C(=O)c3ccccc3C(F)(F)F)CC2)nn1,8.15
O=C(O)COc1nc2cnc(N3CCC(Oc4cc(F)ccc4Br)CC3)nc2s1,8.15
O=C(O)Cn1nnc(-c2nnc(N3CCC(Oc4cc(F)ccc4Br)CC3)s2)n1,8.15
Oc1ncnc2nc(N3CCC(Oc4ccccc4C(F)(F)F)CC3)sc12,8.15
Oc1nnc(-c2ccc(N3CCC(Oc4ccccc4C(F)(F)F)CC3)nn2)s1,8.21
CNC(=O)c1cccc(NC(=O)N2CCC(Oc3ccc(F)cc3Cl)CC2)c1,8.22
COc1ccccc1OC1CCN(c2ccc(C(=O)NCCc3c[nH]cn3)nn2)CC1,8.22
Cc1ccccc1C(=O)C1CCN(c2ccc(C(=O)NC[CH](O)c3cccc(F)c3)nn2)CC1,8.22
Cc1nc(N2CCN(Cc3ccc(F)cc3)C2=O)sc1C(=O)NCc1cccnc1,8.22
Cc1nnc(-c2ccc(N3CCC(Oc4ccccc4C(F)(F)F)CC3)nn2)o1,8.22
NC(=O)c1nnn(Cc2cc(Br)c(Br)c(Br)c2)c1N,8.22
O=C(NCCc1ccccc1)c1ccc(N2CCN(C(=O)c3ccccc3C(F)(F)F)CC2)nn1,8.22
O=C(NC[CH](O)c1cccnc1)c1ccc(N2CCC3(CCc4c(F)cccc4O3)CC2)nn1,8.22
O=C(NCc1ccccc1)c1ccc(N2CCN(C(=O)c3ccccc3C(F)(F)F)CC2)nn1,8.22
O=C(Nc1ncc(Cc2cccc(C(F)(F)F)c2)s1)c1ccc(N2CCOCC2)c(OCCO)c1,8.22
c1ccc2c(c1)CCC1(CCN(c3ccc(-c4nnc(Cc5ccncc5)o4)nn3)CC1)O2,8.22
Cc1noc(-c2ccc(N3CCC(Oc4ccccc4C)CC3)nn2)n1,8.28
Brc1ccccc1OC1CCN(c2ccc(-n3ccnc3)nn2)CC1,8.3
CNC(=O)c1ccc(N2CCC(Oc3cc(F)ccc3Cl)CC2)nn1,8.3
COc1ccc2cc(C(=O)Nc3ncc(Cc4cccc(C(F)(F)F)c4)s3)ccc2c1,8.3
Cc1ccccc1C(=O)C1CCN(c2ccc(C(=O)NC[CH](O)c3ccc(F)cc3)nn2)CC1,8.3
O=C(O)Cn1nnc(-c2cnc(OCCCOc3cc(F)ccc3Br)s2)n1,8.3
Cc1nnc(-c2ccc(N3CCC(Oc4cc(F)ccc4Cl)CC3)nn2)o1,8.35
CCN(CC)c1ccc(C(=O)Nc2ncc(Cc3cccc(C(F)(F)F)c3)s2)cc1OCCO,8.4
CCc1ccccc1OC1CCN(c2ccc(-n3ccnc3)nn2)CC1,8.4
CNC(=O)c1cccc(NC(=O)N2CCC(Oc3cc(F)ccc3Cl)CC2)c1,8.4
CNC(=O)c1cccc(NC(=O)N2CCC(Oc3ccccc3Br)CC2)c1,8.4
CNC(=O)c1cccc(NC(=O)N2CCC(Oc3ccccc3Cl)CC2)c1,8.4
CNC(=O)c1cnc(N2CCC3(CC2)CCN(Cc2ccc(C(C)(C)C)cc2)c2ccccc2O3)s1,8.4
COc1ccc(C(=O)Nc2ncc(Cc3cccc(Cl)c3)s2)cc1OCCO,8.4
COc1ccc(C(=O)Nc2ncc(Cc3cccc(OC(F)(F)F)c3)s2)cc1OCCO,8.4
Cc1n[nH]c(-c2ccc(N3CCC(Oc4cc(F)ccc4Cl)CC3)nn2)n1,8.4
Clc1ccccc1OC1CCN(c2ccc(-c3cccnc3)nn2)CC1,8.4
FC(F)(F)c1ccccc1OC1CCN(c2ccc(-n3ccnc3)nn2)CC1,8.4
FC(F)(F)c1ccccc1OC1CCN(c2ncc(-c3ncon3)s2)CC1,8.4
Fc1ccc(Cl)c(OC2CCN(c3ccc(-n4ccnc4)nn3)CC2)c1,8.4
NC(=O)c1cnc(N2CCC(Sc3ccccc3C(F)(F)F)CC2)s1,8.4
O=C(O)CNc1nc2cnc(N3CCC(Oc4cc(F)ccc4Br)CC3)nc2s1,8.4
c1ccc(Cc2nnc(-c3ccc(N4CCC5(CCc6ccccc6O5)CC4)nn3)o2)nc1,8.4
CC(C)c1nnc(-c2ccc(N3CCC(Oc4ccccc4C(F)(F)F)CC3)nn2)o1,8.41
COc1ccc(-c2nc3ccc(NCc4cccc(C(F)(F)F)c4)cc3n(CCNC(C)=O)c2=O)cc1,8.48
OCc1nnc(-c2ccc(N3CCC(Oc4ccccc4C(F)(F)F)CC3)nn2)s1,8.49
CNC(=O)c1ccc(N2CCC(Oc3ccccc3Br)CC2)nn1,8.52
CNC(=O)c1cnc(N2CCC3(CC2)CCN(Cc2cccc(C(F)(F)F)c2)c2ccccc2O3)s1,8.52
COCCOc1ccc(C(=O)Nc2ncc(Cc3cccc(C(F)(F)F)c3)s2)cc1OCCO,8.52
COc1cc(C(=O)Nc2ncc(Cc3cccc(C(F)(F)F)c3)s2)ccc1OCCO,8.52
Fc1ccc(Br)c(OC2CCN(c3ncc4[nH]cnc4n3)CC2)c1,8.52
NC(=O)c1cnc(N2CCC(Oc3ccccc3C(F)(F)F)CC2)s1,8.52
NC(=O)c1cnc(N2CCC3(CC2)CCN(Cc2cccc(C(F)(F)F)c2)c2ccccc2O3)s1,8.52
NC(=O)c1nnc(N2CCC(Oc3ccccc3C(F)(F)F)CC2)s1,8.52
O=C(O)Cn1nnc(-c2cc(N3CCC(Oc4cc(F)ccc4Br)CC3)no2)n1,8.52
COc1ccc(C(=O)Nc2ncc(Cc3cc(F)cc(F)c3)s2)cc1OCCO,8.54
OCc1nnc(-c2ccc(N3CCC(Oc4ccccc4C(F)(F)F)CC3)nn2)o1,8.54
CCOc1ccc(C(=O)Nc2ncc(Cc3cccc(C(F)(F)F)c3)s2)cc1OCCO,8.7
COc1ccc(/C=C/C(=O)Nc2ncc(Cc3cccc(C(F)(F)F)c3)s2)cc1,8.7
COc1ccc(C(=O)Nc2ncc(Cc3ccc(F)c(Cl)c3)s2)cc1OCCO,8.7
COc1ccc(C(=O)Nc2ncc(Cc3cccc(C(F)(F)F)c3)s2)cc1OCCO,8.7
Cc1nnc(-c2ccc(N3CCC(Oc4ccccc4C(F)(F)F)CC3)nn2)s1,8.7
Fc1cccc2c1CCC1(CCN(c3ccc(-c4nnc(Cc5cccnc5)o4)nn3)CC1)O2,8.7
O=C(NC[CH](O)c1cccnc1)c1ccc(N2CCC3(CCc4c(F)ccc(F)c4O3)CC2)nn1,8.7
O=C(O)Cn1nnc(-c2cnc(OCCCOc3cc(OC(F)(F)F)ccc3Br)s2)n1,8.7
O=c1[nH]c(CO)nc2nc(N3CCC(Oc4ccccc4C(F)(F)F)CC3)sc12,8.7
O=C(CO)NCCn1c(=O)c(C(F)(F)F)nc2ccc(NCc3cccc(C(F)(F)F)c3)cc21,8.72
O=C(CO)NCCN1C(=O)COc2ccc(NCc3ccc(Cl)c(Cl)c3)cc21,8.85
COc1ccc(C(=O)Nc2ncc(Cc3cc(Cl)cc(Cl)c3)s2)cc1OCCO,9
COc1ccc(C(=O)Nc2ncc(Cc3ccc(Cl)c(Cl)c3)s2)cc1OCCO,9
Cc1cccc2c1CCC1(CCN(c3ccc(C(=O)NC[CH](O)c4cccnc4)nn3)CC1)O2,9
FC(F)(F)c1cccc2c1CCC1(CCN(c3ccc(-c4nc(Cc5cccnc5)n[nH]4)nn3)CC1)O2,9
Fc1ccc(Br)c(OC2CCN(c3ncnc4[nH]cnc34)CC2)c1,9
N#Cc1cnc(N2CCC3(CC2)CCN(Cc2cccc(C(F)(F)F)c2)c2ccccc2O3)s1,9
NC(=O)c1ccc(N2CCC(Oc3cc(F)ccc3Cl)CC2)nn1,9
Nc1nc2cnc(N3CCC(Oc4cc(F)ccc4Br)CC3)nc2s1,9
O=C(NC[CH](O)c1cccnc1)c1ccc(N2CCC3(CCc4c(Cl)cccc4O3)CC2)nn1,9
OCc1nc(-c2cnc(N3CCC(Oc4ccccc4C(F)(F)F)CC3)s2)no1,9
c1cncc(Cc2nnc(-c3ccc(N4CCC5(CCc6ccccc6O5)CC4)nn3)o2)c1,9
O=C(NC[CH](O)c1ccccc1)c1ccc(N2CCC3(CC2)CC(=O)c2ccccc2O3)nn1,9.16
COc1ccc(C(=O)Nc2ncc(Cc3ccc(F)c(C(F)(F)F)c3)s2)cc1OCCO,9.22
O=C(NC[CH](O)c1ccccc1)c1ccc(N2CCC3(CC2)Oc2ccccc2C[CH]3O)nn1,9.25
O=C(NC[CH](O)c1cccnc1)c1ccc(N2CCC3(CCc4c(cccc4C(F)(F)F)O3)CC2)nn1,9.35
CCNc1ccc(C(=O)Nc2ncc(Cc3cccc(C(F)(F)F)c3)s2)cc1OCCO,9.4
COc1ccc(C(=O)Nc2ncc(Cc3cc(C(F)(F)F)cc(C(F)(F)F)c3)s2)cc1OCCO,9.7
Cc1cccc2c1CCC1(CCN(c3ccc(-c4nnc(Cc5cccnc5)o4)nn3)CC1)O2,9.7
Fc1ccc(F)c2c1CCC1(CCN(c3ccc(-c4nnc(Cc5cccnc5)o4)nn3)CC1)O2,10
O=C(NC[CH](O)c1ccccc1)c1ccc(N2CCC3(CCc4ccccc4O3)CC2)nn1,10.17
Clc1cccc2c1CCC1(CCN(c3ccc(-c4nnc(Cc5cccnc5)o4)nn3)CC1)O2,10.22
FC(F)(F)c1cccc2c1CCC1(CCN(c3ccc(-c4nnc(Cc5cccnc5)o4)nn3)CC1)O2,10.52
Fc1ccc(Br)c(OC2CCN(c3nc4ccccc4s3)CC2)c1,4.97
O=C(O)Cn1nnc(-c2cnc(N3CC4CN(c5cc(F)ccc5Cl)CC4C3)s2)n1,4.81
O=C(O)c1cncc(-c2ccc(N3CCC(Oc4ccccc4Br)CC3)nn2)c1,4.74
O=C(c1ccccc1C(F)(F)F)N1CCN(c2nccs2)CC1,4.89
O=C(O)c1cnc(N2CCN(C(=O)c3ccccc3C(F)(F)F)CC2)s1,4.17
O=C(O)Cn1nnc(-c2cnc(N3CC4(C3)CN(c3cc(F)ccc3Cl)C4)s2)n1,4.29
COc1ccc2nc(NC(=O)c3cccnc3)sc2c1,4.43
C#CCNC(=O)c1ccc(C(=O)Nc2nc3ccc(OC)cc3s2)cc1,4.34
O=C(Nc1nc(-c2ccccc2)cs1)c1ccc(C(=O)c2ccccc2)cc1,4.83
Cc1nc(OCCCOc2cc(F)ccc2Br)sc1-c1nnn(CC(=O)O)n1,4.69
Fc1ccc(Br)c(OC2CCN(c3nnc(-c4nn[nH]n4)s3)CC2)c1,4.9
COc1ccc(C(=O)Nc2nc3ccccc3s2)cc1,4.51
O=C(O)Cn1nnc(-c2cc(-c3cn(Cc4cc(Br)c(Br)c(Br)c4)nn3)no2)n1,4.42
COC(=O)c1ccc2nc(NC(=O)c3ccc(C(=O)c4ccccc4)cc3)sc2c1,4.8
O=C(O)CCc1nc2nc(N3CCC(Oc4cc(F)ccc4Br)CC3)sc2c(=O)[nH]1,4.61
COc1ccc2nc(NC(=O)c3ccccc3)sc2c1,4.27
COc1cccc(C(=O)Nc2nc3ccc(OC)cc3s2)c1,4.68
COc1ccc2nc(NC(=O)c3cccc(C)c3)sc2c1,4.6
C#CCOc1ccc(C(=O)c2ccc(C(=O)Nc3nc4ccc(OC)cc4s3)cc2)cc1,4.51
Cc1ccccc1S(=O)(=O)N1CCN(c2ccc(C(=O)NCc3ccccc3)nn2)CC1,4.71
COc1ccc2nc(NC(=O)c3ccccc3)sc2c1,4.68
COc1ccc2nc(NC(=O)c3ccc(F)cc3)sc2c1,4.6
O=C(Nc1nccs1)c1ccc(C(=O)c2ccccc2)cc1,4.48
O=C(Nc1nc2ccccc2o1)c1ccc(C(=O)c2ccccc2)cc1,4.37
COc1ccc2nc(NC(=O)c3ccc(N)cc3)sc2c1,4.66
O=C(Nc1nc2ccccc2s1)c1ccc([N+](=O)[O-])cc1,4.66
COc1ccc2nc(NC(=O)c3ccc(OCc4ccccc4)cc3)sc2c1,4.77
